<?xml version="1.0" encoding="UTF-8"?>
<project-private xmlns="http://www.netbeans.org/ns/project-private/1">
    <editor-bookmarks xmlns="http://www.netbeans.org/ns/editor-bookmarks/2" lastBookmarkId="0"/>
    <open-files xmlns="http://www.netbeans.org/ns/projectui-open-files/2">
        <group>
            <file>file:/D:/Study%20Material/Projects/110/project/src/project/Car.java</file>
            <file>file:/D:/Study%20Material/Projects/110/project/src/project/Main.java</file>
            <file>file:/D:/Study%20Material/Projects/110/project/src/project/Person.java</file>
            <file>file:/D:/Study%20Material/Projects/110/project/src/project/Payment.java</file>
            <file>file:/D:/Study%20Material/Projects/110/project/src/project/Customer.java</file>
            <file>file:/D:/Study%20Material/Projects/110/project/src/project/User.java</file>
            <file>file:/D:/Study%20Material/Projects/110/project/src/project/Dealer.java</file>
            <file>file:/D:/Study%20Material/Projects/110/project/src/project/Admin.java</file>
        </group>
    </open-files>
</project-private>
